RVLFaceLibrary/, TFP2_D_E
RVLFaceLibrary/build/, TFP2_D_E
RVLFaceLibrary/build/g3d_ScnRfl/, TFP2_D_E
RVLFaceLibrary/build/g3d_ScnRfl/library/, TFP2_D_E
RVLFaceLibrary/build/g3d_ScnRfl/library/include/, TFP2_D_E
RVLFaceLibrary/build/g3d_ScnRfl/library/include/g3d_scnrfl.h, TFP2_D_E
RVLFaceLibrary/build/g3d_ScnRfl/library/src/, TFP2_D_E
RVLFaceLibrary/build/g3d_ScnRfl/library/src/g3d_scnrfl.cpp, TFP2_D_E
RVLFaceLibrary/build/lib/, TFP2_D_E
RVLFaceLibrary/build/lib/src/, TFP2_D_E
RVLFaceLibrary/build/lib/src/RFL_Controller.c, TFP2_D_E
RVLFaceLibrary/build/lib/src/RFL_Database.c, TFP2_D_E
RVLFaceLibrary/build/lib/src/RFL_DataUtility.c, TFP2_D_E
RVLFaceLibrary/build/lib/src/RFL_DefaultDatabase.c, TFP2_D_E
RVLFaceLibrary/build/lib/src/RFL_Format.c, TFP2_D_E
RVLFaceLibrary/build/lib/src/RFL_HiddenDatabase.c, TFP2_D_E
RVLFaceLibrary/build/lib/src/RFL_Icon.c, TFP2_D_E
RVLFaceLibrary/build/lib/src/RFL_MakeRandomFace.c, TFP2_D_E
RVLFaceLibrary/build/lib/src/RFL_MakeTex.c, TFP2_D_E
RVLFaceLibrary/build/lib/src/RFL_MiddleDatabase.c, TFP2_D_E
RVLFaceLibrary/build/lib/src/RFL_Model.c, TFP2_D_E
RVLFaceLibrary/build/lib/src/RFL_NANDAccess.c, TFP2_D_E
RVLFaceLibrary/build/lib/src/RFL_NANDLoader.c, TFP2_D_E
RVLFaceLibrary/build/lib/src/RFL_NWC24.c, TFP2_D_E
RVLFaceLibrary/build/lib/src/RFL_System.c, TFP2_D_E
RVLFaceLibrary/include/, TFP2_D_E
RVLFaceLibrary/include/RFLi_Model.h, TFP2_D_E
RVLFaceLibrary/include/RFLi_Texture.h, TFP2_D_E